{"cameraMode":{"drawMode":0,"name":"Shaded","section":"Shading Mode"},"sceneLighting":true,"audioPlay":false,"sceneViewState":{"showFog":true,"showMaterialUpdate":false,"showSkybox":true,"showFlares":true,"showImageEffects":true,"showParticleSystems":true},"in2DMode":false,"pivot":{"x":19.85944366455078,"y":4.429869651794434,"z":35.737335205078128},"rotation":{"x":-0.35641369223594668,"y":0.47874557971954348,"z":-0.22187575697898866,"w":-0.771210789680481},"size":10.600987434387207,"orthographic":false}