{"cameraMode":{"drawMode":0,"name":"Shaded","section":"Shading Mode"},"sceneLighting":true,"audioPlay":false,"sceneViewState":{"showFog":true,"showMaterialUpdate":false,"showSkybox":true,"showFlares":true,"showImageEffects":true,"showParticleSystems":true},"in2DMode":false,"pivot":{"x":23.861597061157228,"y":-13.480684280395508,"z":4.679615020751953},"rotation":{"x":0.039145901799201968,"y":-0.9532970190048218,"z":0.2635883390903473,"w":0.14290116727352143},"size":73.58335876464844,"orthographic":false}