{"cameraMode":{"drawMode":0,"name":"Shaded","section":"Shading Mode"},"sceneLighting":true,"audioPlay":false,"sceneViewState":{"showFog":true,"showMaterialUpdate":false,"showSkybox":true,"showFlares":true,"showImageEffects":true,"showParticleSystems":true},"in2DMode":false,"pivot":{"x":52.24766540527344,"y":6.344928741455078,"z":26.825990676879884},"rotation":{"x":-0.07675221562385559,"y":-0.83756422996521,"z":0.12093190103769303,"w":-0.5274418592453003},"size":6.06889009475708,"orthographic":false}