{"cameraMode":{"drawMode":0,"name":"Shaded","section":"Shading Mode"},"sceneLighting":true,"audioPlay":false,"sceneViewState":{"showFog":true,"showMaterialUpdate":false,"showSkybox":true,"showFlares":true,"showImageEffects":true,"showParticleSystems":true},"in2DMode":false,"pivot":{"x":8.149188995361329,"y":2.504896402359009,"z":7.200254440307617},"rotation":{"x":-0.11109085381031037,"y":-0.001460155937820673,"z":0.00010268616460962221,"w":-0.9938943386077881},"size":3.073361396789551,"orthographic":false}