{"cameraMode":{"drawMode":0,"name":"Shaded","section":"Shading Mode"},"sceneLighting":true,"audioPlay":false,"sceneViewState":{"showFog":true,"showMaterialUpdate":false,"showSkybox":true,"showFlares":true,"showImageEffects":true,"showParticleSystems":true},"in2DMode":false,"pivot":{"x":37.7366943359375,"y":18.552631378173829,"z":31.07494354248047},"rotation":{"x":0.006818205583840609,"y":0.9930650591850281,"z":-0.09293390810489655,"w":0.07286600023508072},"size":42.45585632324219,"orthographic":false}