{"cameraMode":{"drawMode":0,"name":"Shaded","section":"Shading Mode"},"sceneLighting":false,"audioPlay":false,"sceneViewState":{"showFog":true,"showMaterialUpdate":false,"showSkybox":false,"showFlares":true,"showImageEffects":true,"showParticleSystems":true},"in2DMode":false,"pivot":{"x":0.018909871578216554,"y":0.1551782190799713,"z":0.014695852994918824},"rotation":{"x":0.4635116457939148,"y":0.31579601764678957,"z":-0.1810736060142517,"w":0.8079648017883301},"size":1.4245930910110474,"orthographic":false}